{
  "hash": "7c1697c2",
  "configHash": "8bd8dda7",
  "lockfileHash": "4c0773c0",
  "browserHash": "2a55ed22",
  "optimized": {
    "@angular/core": {
      "src": "../../../../../../node_modules/@angular/core/fesm2022/core.mjs",
      "file": "@angular_core.js",
      "fileHash": "5ca61022",
      "needsInterop": false
    },
    "@angular/platform-browser": {
      "src": "../../../../../../node_modules/@angular/platform-browser/fesm2022/platform-browser.mjs",
      "file": "@angular_platform-browser.js",
      "fileHash": "94d69b37",
      "needsInterop": false
    },
    "@angular/router": {
      "src": "../../../../../../node_modules/@angular/router/fesm2022/router.mjs",
      "file": "@angular_router.js",
      "fileHash": "82d6ace0",
      "needsInterop": false
    },
    "three": {
      "src": "../../../../../../node_modules/three/build/three.module.js",
      "file": "three.js",
      "fileHash": "7c7bc78e",
      "needsInterop": false
    }
  },
  "chunks": {
    "chunk-2BD5UPZ6": {
      "file": "chunk-2BD5UPZ6.js"
    },
    "chunk-4DSXYLWU": {
      "file": "chunk-4DSXYLWU.js"
    },
    "chunk-WDMUDEB6": {
      "file": "chunk-WDMUDEB6.js"
    }
  }
}